{
  "hash": "3889a1d4",
  "configHash": "6696c14a",
  "lockfileHash": "e0c20bd8",
  "browserHash": "b890f03f",
  "optimized": {
    "@angular/common": {
      "src": "../../../../../node_modules/@angular/common/fesm2022/common.mjs",
      "file": "@angular_common.js",
      "fileHash": "2fa836cb",
      "needsInterop": false
    },
    "@angular/common/http": {
      "src": "../../../../../node_modules/@angular/common/fesm2022/http.mjs",
      "file": "@angular_common_http.js",
      "fileHash": "81b1ddf4",
      "needsInterop": false
    },
    "@angular/core": {
      "src": "../../../../../node_modules/@angular/core/fesm2022/core.mjs",
      "file": "@angular_core.js",
      "fileHash": "f9e52c5e",
      "needsInterop": false
    },
    "@angular/forms": {
      "src": "../../../../../node_modules/@angular/forms/fesm2022/forms.mjs",
      "file": "@angular_forms.js",
      "fileHash": "19a85f3c",
      "needsInterop": false
    },
    "@angular/material/icon": {
      "src": "../../../../../node_modules/@angular/material/fesm2022/icon.mjs",
      "file": "@angular_material_icon.js",
      "fileHash": "facfd254",
      "needsInterop": false
    },
    "@angular/platform-browser": {
      "src": "../../../../../node_modules/@angular/platform-browser/fesm2022/platform-browser.mjs",
      "file": "@angular_platform-browser.js",
      "fileHash": "23229db3",
      "needsInterop": false
    },
    "@angular/router": {
      "src": "../../../../../node_modules/@angular/router/fesm2022/router.mjs",
      "file": "@angular_router.js",
      "fileHash": "8130fbda",
      "needsInterop": false
    }
  },
  "chunks": {
    "chunk-NMMFGJHN": {
      "file": "chunk-NMMFGJHN.js"
    },
    "chunk-IIL5TMQC": {
      "file": "chunk-IIL5TMQC.js"
    },
    "chunk-AETAJVCX": {
      "file": "chunk-AETAJVCX.js"
    },
    "chunk-R564XF5N": {
      "file": "chunk-R564XF5N.js"
    }
  }
}